Field,ID,Type (Tipo),default,en-us,pt-br,es-es,ko-kr,ja-jp,zh-cn,zh-tw,fr-fr,de-de,it-it,ru-ru
Description,2,Texto,,"Desky is the ultimate, modern desktop client for the Yeolpumta (YPT) study platform, built natively for Windows 10 and Windows 11 with an interface optimized for deep focus and high performance.

Key Features:

Study Timer and Pomodoro
- Customizable Normal and Pomodoro modes (focus time, short and long breaks).
- Full subject management with a vibrant color palette.
- Manual study logging and intelligent cloud synchronization.

Study Groups and Live Study
- Track your peers attendance and study status in real time.
- Live Study with periodic camera captures for study verification.
- Integrated group chat with emoji reactions and sticker support.
- Send motivational Shakes to encourage your study partners.

Statistics, Activity Heatmap, and Leaderboards
- Annual GitHub-style heatmap grid to visualize your daily consistency.
- Detailed monthly calendar with study streaks (flames).
- Real-time rankings: global, national, and study category leaderboards.

Focus Mode and Distraction Blocker
- Automatic detection and alerts for unauthorized apps open during study.
- Floating Mini Player (Always-on-Top) to monitor your time while multitasking.

Flashcards and SmartBook (PDF Reader)
- Spaced repetition decks powered by the SM-2 algorithm.
- Integrated PDF reader with bookmarks and instant flashcard creation.

Planner and D-Day Countdown
- Visual countdown timers for exams, tests, and milestones.
- Smart To-Do list with priority levels and due dates.
- Interactive weekly timetable grid.

Modern AMOLED True Black Design
- Interface inspired by Material Design 3 and Fluent Design, offering deep dark mode for visual comfort.
- Native support for 7 languages.","O Desky e o cliente desktop definitivo para a plataforma de estudos Yeolpumta (YPT), desenvolvido para Windows 10 e Windows 11 com interface otimizada para foco profundo e alto desempenho.

Principais Recursos:

Cronometro de Estudo e Pomodoro
- Modos Normal e Pomodoro personalizaveis (tempo de foco, intervalos curtos e longos).
- Gestao completa de materias com paleta de cores vibrante.
- Registro de estudos manual e sincronizacao inteligente em nuvem.

Grupos de Estudo e Live Study
- Acompanhe a presenca dos seus colegas em tempo real.
- Live Study com verificacao por camera e fotos periodicas.
- Chat integrado do grupo com reacoes em emoji e suporte a figurinhas.
- Envie toques motivacionais (Shakes) para incentivar seus amigos.

Estatisticas, Heatmap e Rankings
- Heatmap anual no estilo GitHub para visualizar sua constancia diaria.
- Calendario mensal detalhado com streaks de ofensiva (chamas).
- Rankings em tempo real: global, nacional e por categoria de estudo.

Modo Foco e Bloqueador de Distracoes
- Deteccao e alertas automaticos de programas nao autorizados abertos durante o estudo.
- Mini Player flutuante Always-on-Top para acompanhar seu tempo enquanto le ou assiste a aulas.

Flashcards e SmartBook (Leitor de PDF)
- Decks organizados com algoritmo de repeticao espacada SM-2.
- Leitor de PDF integrado com marcadores e criacao rapida de flashcards.

Planejador e Metas (D-Day)
- Contagens regressivas visuais para suas provas, concursos e vestibulares.
- To-Do list inteligente com niveis de prioridade e prazos.
- Grade de horarios semanal personalizavel.

Design Moderno AMOLED True Black
- Interface inspirada no Material Design 3 e Fluent Design, com tema escuro profundo para maximo conforto visual.
- Suporte nativo completo a 7 idiomas.","Desky es el cliente de escritorio definitivo para la plataforma de estudio Yeolpumta (YPT), disenado para Windows 10 y Windows 11 con una interfaz optimizada para la concentracion profunda y el alto rendimiento.

Caracteristicas Principales:

Temporizador de Estudio y Pomodoro
- Modos Normal y Pomodoro personalizables (tiempo de enfoque, pausas cortas y largas).
- Gestion completa de asignaturas con paleta de colores vibrantes.
- Registro manual de estudio y sincronizacion inteligente en la nube.

Grupos de Estudio y Live Study
- Sigue la presencia de tus companeros en tiempo real.
- Live Study con verificacion por camara y capturas periodicas.
- Chat grupal integrado con reacciones emoji y stickers.
- Envia toques motivacionales (Shakes) para animar a tus amigos.

Estadisticas, Heatmap y Clasificaciones
- Heatmap anual estilo GitHub para visualizar tu constancia diaria.
- Calendario mensual detallado con rachas de estudio (llamas).
- Clasificaciones en tiempo real: global, nacional y por categoria.

Modo Enfoque y Bloqueador de Distracciones
- Deteccion automatica y alertas de programas no permitidos abiertos durante el estudio.
- Mini Player flotante Always-on-Top para seguir tu tiempo mientras estudias.

Flashcards y SmartBook (Lector PDF)
- Barajas organizadas con algoritmo de repeticion espaciada SM-2.
- Lector de PDF integrado con marcadores y creacion rapida de tarjetas.

Planificador y Metas D-Day
- Cuenta regresiva visual para tus examenes y objetivos.
- Lista de tareas inteligente con prioridades y fechas limite.
- Horario semanal interactivo.

Diseno Moderno AMOLED True Black
- Interfaz inspirada en Material Design 3 con tema oscuro profundo para maximo confort visual.
- Soporte nativo en 7 idiomas.","Desky는 열품타(Yeolpumta - YPT) 스터디 플랫폼을 위한 완벽하고 현대적인 데스크톱 클라이언트입니다. Windows 10 및 Windows 11에 최적화되어 몰입도 높은 학습 경험과 뛰어난 성능을 제공합니다.

주요 기능:

스터디 타이머 및 뽀모도로
- 일반 및 뽀모도로 모드 지원 (집중 시간, 짧은 휴식, 긴 휴식 맞춤 설정).
- 다양한 색상의 과목별 관리 기능.
- 수동 공부 시간 입력 및 실시간 클라우드 동기화.

스터디 그룹 및 캠스터디 (Live Study)
- 그룹원들의 실시간 공부 현황 및 출석 확인.
- 주기적인 카메라 캡처를 통한 캠스터디 (Live Study) 인증.
- 이모티콘 및 스티커를 지원하는 그룹 채팅.
- 친구들을 응원하는 흔들기(Shake) 기능.

학습 통계, 활동 잔디(Heatmap) 및 랭킹
- 깃허브 스타일의 연간 활동 잔디(Heatmap)로 매일의 공부 꾸준함 확인.
- 연속 열정 불꽃 기록을 보여주는 상세 월간 캘린더.
- 실시간 글로벌, 국가별, 카테고리별 랭킹 제공.

집중 모드 및 딴짓 방지
- 공부 중 허용되지 않은 앱 실행 감지 및 알림.
- 다른 작업 중에도 시간을 확인할 수 있는 항상 위 플로팅 미니 플레이어.

플래시카드 및 스마트북 (PDF 뷰어)
- SM-2 망각곡선 반복 학습 알고리즘 기반 플래시카드.
- 북마크 및 카드 즉시 생성을 지원하는 내장 PDF 리더.

플래너 및 디데이 (D-Day)
- 시험 및 목표를 위한 시각적 디데이 카운트다운.
- 우선순위와 마감일이 포함된 스마트 할 일 목록 (To-Do).
- 주간 시간표 플래너.

현대적인 AMOLED 트루 블랙 디자인
- 눈의 피로를 최소화하는 Material Design 3 기반 딥 다크 테마.
- 7개 언어 기본 지원.","Deskyは、勉強プラットフォーム「Yeolpumta（YPT / 勉強時間管理）」のための洗練されたデスクトップクライアントです。Windows 10およびWindows 11にネイティブ対応し、深い集中と高い学習効率を実現します。

主な機能:

学習タイマー & ポモドーロ
- 通常タイマーおよびポモドーロモード（集中時間、短・長休憩の自由設定）。
- 鮮やかなカラーパレットによる科目ごとの学習管理。
- 過去の学習時間の手動記録とインテリジェントなクラウド同期。

スタディグループ & ライブスタディ (Live Study)
- グループメンバーのリアルタイムな学習状況と出席を確認。
- カメラ撮影による学習証明（Live Study）機能。
- 絵文字やスタンプ対応のグループチャット。
- 仲間を応援するノック（Shake）機能。

統計、活動ヒートマップ & ランキング
- GitHubスタイルの年間活動ヒートマップで日々の継続性を可視化。
- 連続学習の炎を記録する月間カレンダー。
- グローバル、国別、カテゴリー別のリアルタイムランキング。

集中モード & 誘惑アプリブロック
- 学習中に開かれた不要なアプリを自動検知して警告。
- マルチタスク時にも時間を常に確認できる最前面フローティングミニプレイヤー。

暗記カード (Flashcards) & PDFリーダー
- SM-2分散学習アルゴリズムに基づいた単語帳・暗記カード。
- ブックマークとカード即時作成に対応した統合PDFリーダー。

プランナー & D-Day（目標カウントダウン）
- 試験や目標日に向けたカウントダウンタイマー。
- 優先度設定付きのスマートToDoリスト。
- 週間時間割スケジュール表。

モダンなAMOLEDトゥルーブラックデザイン
- 目の疲れを抑えるMaterial Design 3ベースのダークテーマ。
- 主要7言語にネイティブ対応。","Desky 是专为 Yeolpumta (YPT / 热情品味计时器) 学习平台打造的现代化桌面客户端，专为 Windows 10 和 Windows 11 设计，提供沉浸式深度专注与高效学习体验。

主要功能：

学习计时器与番茄钟
- 支持普通计时与番茄钟模式（自定义专注时长、短休与长休）。
- 丰富的色彩管理不同学习科目。
- 支持补录历史学习时间并实时云端同步。

学习小组与实时自习 (Live Study)
- 实时查看小组成员的在线学习状态与出勤。
- 拍照自习打卡 (Live Study) 视频流与拍照认证。
- 内置小组聊天，支持表情与贴纸互动。
- 发送唤醒振动 (Shakes) 鼓励好友。

数据统计、年度热力图与排行榜
- GitHub 风格的年度学习热力图，记录每日坚持。
- 详细的月度日历与连续学习火苗记录。
- 实时全球、国家及分类学习排行榜。

专注模式与防分心拦截
- 学习期间自动检测分心软件并发出提醒。
- 始终置顶的悬浮迷你计时器 (Mini Player)，多任务时轻松掌握时间。

记忆卡片 (Flashcards) 与 PDF 阅读器
- 基于 SM-2 间隔重复算法的高效记忆卡片。
- 内置 PDF 阅读器，支持书签并在阅读中一键生成卡片。

日程规划与倒计时 (D-Day)
- 考试与重要目标日期的可视化倒计时。
- 智能待办清单 (To-Do)，支持优先级与截止时间。
- 交互式周课程表与时间表。

现代 AMOLED 纯黑设计
- 灵感源自 Material Design 3，极致深色模式保护视力。
- 原生支持 7 种主流语言。","Desky 是專為 Yeolpumta (YPT / 燃燒熱情計時器) 學習平台打造的現代化桌面客戶端，專為 Windows 10 和 Windows 11 設計，提供沉浸式深度專注與高效學習體驗。

主要功能：

學習計時器與番茄鐘
- 支援普通計時與番茄鐘模式（自訂專注時長、短休與長休）。
- 豐富的色彩管理不同學習科目。
- 支援補錄歷史學習時間並即時雲端同步。

學習小組與即時自習 (Live Study)
- 即時查看小組成員的在線學習狀態與出勤。
- 拍照自習打卡 (Live Study) 鏡頭與拍照認證。
- 內建小組聊天，支援表情與貼圖互動。
- 發送喚醒提醒 (Shakes) 鼓勵好友。

數據統計、年度熱力圖與排行榜
- GitHub 風格的年度學習熱力圖，記錄每日堅持。
- 詳細的月度日曆與連續學習火苗記錄。
- 即時全球、國家及分類學習排行榜。

專注模式與防分心攔截
- 學習期間自動偵測分心軟體並發出提醒。
- 始終置頂的懸浮迷你計時器 (Mini Player)，多工時輕鬆掌握時間。

記憶卡片 (Flashcards) 與 PDF 閱讀器
- 基於 SM-2 間隔重複演算法的高效記憶卡片。
- 內建 PDF 閱讀器，支援書籤並在閱讀中一鍵生成卡片。

日程規劃與倒數日 (D-Day)
- 考試與重要目標日期的視覺化倒數計時。
- 智慧待辦清單 (To-Do)，支援優先級與截止時間。
- 互動式週課程表與時間表。

現代 AMOLED 純黑設計
- 靈感源自 Material Design 3，極致深色模式保護視力。
- 原生支援 7 種主流語言。",,,,
ReleaseNotes,3,Texto,,"Version 1.0.0:
- Official release of Desky for Microsoft Store on Windows 10/11 (x64).
- Modern AMOLED True Black design with Material Design 3 interface.
- Study Timer and Pomodoro with custom color subjects.
- Real-time study groups, group chat with emojis, and Live Study.
- Annual Activity Heatmap and global/national leaderboards.
- Distraction blocker and floating Always-on-Top Mini Player.
- Flashcards with SM-2 algorithm and integrated PDF reader.
- Cloud synchronization and native support for 7 languages.","Versao 1.0.0:
- Lancamento oficial do Desky para Microsoft Store no Windows 10/11 (x64).
- Novo design moderno AMOLED True Black com interface Material Design 3.
- Cronometro de Estudo e Pomodoro com suporte a materias personalizadas.
- Grupos de estudo em tempo real, chat com emojis e Live Study.
- Activity Heatmap anual e rankings globais/nacionais.
- Bloqueador de distracoes e Mini Player flutuante Always-on-Top.
- Flashcards com algoritmo SM-2 e leitor de PDF integrado.
- Sincronizacao em nuvem e suporte nativo a 7 idiomas.","Version 1.0.0:
- Lanzamiento oficial de Desky para Microsoft Store en Windows 10/11 (x64).
- Nuevo diseno moderno AMOLED True Black con interfaz Material Design 3.
- Temporizador de Estudio y Pomodoro con asignaturas personalizadas.
- Grupos de estudio en tiempo real, chat con emojis e Live Study.
- Heatmap anual de actividad y clasificaciones globales.
- Bloqueador de distracciones y Mini Player flotante Always-on-Top.
- Flashcards con algoritmo SM-2 y lector de PDF integrado.
- Sincronizacion en la nube y soporte nativo en 7 idiomas.","버전 1.0.0:
- Windows 10/11 (x64) Microsoft Store 공식 출시.
- Material Design 3 기반의 세련된 AMOLED 트루 블랙 테마.
- 과목별 맞춤 스터디 타이머 및 뽀모도로 지원.
- 실시간 스터디 그룹, 채팅 및 캠스터디(Live Study).
- 연간 활동 잔디(Heatmap) 및 글로벌/국가별 랭킹.
- 딴짓 방지 기능 및 항상 위 플로팅 미니 플레이어.
- SM-2 알고리즘 기반 플래시카드 및 PDF 리더 탑재.
- 실시간 클라우드 동기화 및 7개 국어 지원.","バージョン 1.0.0:
- Windows 10/11 (x64) 向けMicrosoft Store公式リリース。
- Material Design 3ベースのAMOLEDトゥルーブラックデザイン。
- 科目別カスタマイズ対応の学習タイマー & ポモドーロ。
- リアルタイムスタディグループ、チャット、Live Study。
- 年間活動ヒートマップおよびグローバルランキング。
- 誘惑ブロック機能および最前面ミニプレイヤー。
- SM-2アルゴリズム搭載暗記カード & PDFリーダー。
- クラウド同期および7言語対応。","版本 1.0.0：
- Desky 正式上线 Windows 10/11 (x64) 微软商店。
- 全新 Material Design 3 风格 AMOLED 纯黑设计。
- 学习计时器与番茄钟，支持自定义科目颜色。
- 实时学习小组、群聊互动与 Live Study 自习打卡。
- 年度学习热力图与全球/国家排行榜。
- 防分心软件提醒与始终置顶悬浮迷你计时器。
- SM-2 算法记忆卡片与内置 PDF 阅读器。
- 实时云端同步与 7 种语言支持。","版本 1.0.0：
- Desky 正式上架 Windows 10/11 (x64) 微軟商店。
- 全新 Material Design 3 風格 AMOLED 純黑設計。
- 學習計時器與番茄鐘，支援自訂科目顏色。
- 即時學習小組、群組互動與 Live Study 自習打卡。
- 年度學習熱力圖與全球/國家排行榜。
- 防分心軟體提醒與始終置頂懸浮迷你計時器。
- SM-2 演算法記憶卡片與內建 PDF 閱讀器。
- 即時雲端同步與 7 種語言支援。",,,,
Title,4,Texto,,Desky,Desky,Desky,Desky,Desky,Desky,Desky,,,,
ShortTitle,5,Texto,,Desky,Desky,Desky,Desky,Desky,Desky,Desky,,,,
SortTitle,6,Texto,,Desky,Desky,Desky,Desky,Desky,Desky,Desky,,,,
VoiceTitle,7,Texto,,Desky,Desky,Desky,Desky,Desky,Desky,Desky,,,,
ShortDescription,8,Texto,,"The ultimate desktop client for focus, Pomodoro study timer, and Yeolpumta study groups on Windows.","O cliente desktop definitivo para foco, cronometro Pomodoro e grupos de estudo do Yeolpumta no Windows.","El cliente de escritorio definitivo para enfoque, temporizador Pomodoro y grupos de Yeolpumta en Windows.","Windows를 위한 열품타(YPT) 데스크톱 스터디 타이머, 뽀모도로, 그룹 캠스터디 클라이언트.",Windows向けYeolpumta（YPT）集中タイマー、ポモドーロ、グループ学習クライアント。,专为 Windows 打造的 Yeolpumta (YPT) 桌面端学习计时器、番茄钟与小组自习工具。,專為 Windows 打造的 Yeolpumta (YPT) 桌面端學習計時器、番茄鐘與小組自習工具。,,,,
DevStudio,9,Texto,,DevHuney,DevHuney,DevHuney,DevHuney,DevHuney,DevHuney,DevHuney,,,,
CopyrightTrademarkInformation,12,Texto,,Copyright (c) 2026 DevHuney. Desky is an independent open-source client.,Copyright (c) 2026 DevHuney. Desky e um cliente independente e de codigo aberto.,Copyright (c) 2026 DevHuney. Desky es un cliente independiente de codigo abierto.,Copyright (c) 2026 DevHuney. Desky는 독립적인 오픈 소스 클라이언트입니다.,Copyright (c) 2026 DevHuney. Deskyは独立したオープンソースクライアントです。,Copyright (c) 2026 DevHuney. Desky 是独立的开源客户端。,Copyright (c) 2026 DevHuney. Desky 是獨立的開源客戶端。,,,,
AdditionalLicenseTerms,13,Texto,,https://github.com/huneyoliv/desky/blob/main/LICENSE,https://github.com/huneyoliv/desky/blob/main/LICENSE,https://github.com/huneyoliv/desky/blob/main/LICENSE,https://github.com/huneyoliv/desky/blob/main/LICENSE,https://github.com/huneyoliv/desky/blob/main/LICENSE,https://github.com/huneyoliv/desky/blob/main/LICENSE,https://github.com/huneyoliv/desky/blob/main/LICENSE,,,,
DesktopScreenshot1,100,Caminho relativo (ou URL para arquivo no Partner Center),,,,,,,,,,,,
DesktopScreenshot2,101,Caminho relativo (ou URL para arquivo no Partner Center),,,,,,,,,,,,
DesktopScreenshot3,102,Caminho relativo (ou URL para arquivo no Partner Center),,,,,,,,,,,,
DesktopScreenshot4,103,Caminho relativo (ou URL para arquivo no Partner Center),,,,,,,,,,,,
DesktopScreenshot5,104,Caminho relativo (ou URL para arquivo no Partner Center),,,,,,,,,,,,
DesktopScreenshot6,105,Caminho relativo (ou URL para arquivo no Partner Center),,,,,,,,,,,,
DesktopScreenshot7,106,Caminho relativo (ou URL para arquivo no Partner Center),,,,,,,,,,,,
DesktopScreenshot8,107,Caminho relativo (ou URL para arquivo no Partner Center),,,,,,,,,,,,
DesktopScreenshot9,108,Caminho relativo (ou URL para arquivo no Partner Center),,,,,,,,,,,,
DesktopScreenshot10,109,Caminho relativo (ou URL para arquivo no Partner Center),,,,,,,,,,,,
DesktopScreenshot11,110,Caminho relativo (ou URL para arquivo no Partner Center),,,,,,,,,,,,
DesktopScreenshot12,111,Caminho relativo (ou URL para arquivo no Partner Center),,,,,,,,,,,,
DesktopScreenshot13,112,Caminho relativo (ou URL para arquivo no Partner Center),,,,,,,,,,,,
DesktopScreenshot14,113,Caminho relativo (ou URL para arquivo no Partner Center),,,,,,,,,,,,
DesktopScreenshot15,114,Caminho relativo (ou URL para arquivo no Partner Center),,,,,,,,,,,,
DesktopScreenshot16,115,Caminho relativo (ou URL para arquivo no Partner Center),,,,,,,,,,,,
DesktopScreenshot17,116,Caminho relativo (ou URL para arquivo no Partner Center),,,,,,,,,,,,
DesktopScreenshot18,117,Caminho relativo (ou URL para arquivo no Partner Center),,,,,,,,,,,,
DesktopScreenshot19,118,Caminho relativo (ou URL para arquivo no Partner Center),,,,,,,,,,,,
DesktopScreenshot20,119,Caminho relativo (ou URL para arquivo no Partner Center),,,,,,,,,,,,
DesktopScreenshot21,120,Caminho relativo (ou URL para arquivo no Partner Center),,,,,,,,,,,,
DesktopScreenshot22,121,Caminho relativo (ou URL para arquivo no Partner Center),,,,,,,,,,,,
DesktopScreenshot23,122,Caminho relativo (ou URL para arquivo no Partner Center),,,,,,,,,,,,
DesktopScreenshot24,123,Caminho relativo (ou URL para arquivo no Partner Center),,,,,,,,,,,,
DesktopScreenshot25,124,Caminho relativo (ou URL para arquivo no Partner Center),,,,,,,,,,,,
DesktopScreenshot26,125,Caminho relativo (ou URL para arquivo no Partner Center),,,,,,,,,,,,
DesktopScreenshot27,126,Caminho relativo (ou URL para arquivo no Partner Center),,,,,,,,,,,,
DesktopScreenshot28,127,Caminho relativo (ou URL para arquivo no Partner Center),,,,,,,,,,,,
DesktopScreenshot29,128,Caminho relativo (ou URL para arquivo no Partner Center),,,,,,,,,,,,
DesktopScreenshot30,129,Caminho relativo (ou URL para arquivo no Partner Center),,,,,,,,,,,,
DesktopScreenshotCaption1,150,Texto,,Study Timer and Pomodoro with Customizable Subject Colors,Cronometro de Estudo e Pomodoro com Materias Personalizadas,Temporizador de Estudio y Pomodoro con Asignaturas Personalizadas,맞춤 과목 색상 스터디 타이머 및 뽀모도로,科目別カラー学習タイマー & ポモドーロ,支持自定义科目颜色的学习计时器与番茄钟,支援自訂科目顏色的學習計時器與番茄鐘,,,,
DesktopScreenshotCaption2,151,Texto,,"Real-Time Study Groups, Chat, and Live Study Camera Feed","Grupos de Estudo em Tempo Real, Chat e Live Study","Grupos de Estudio en Tiempo Real, Chat y Live Study","실시간 스터디 그룹, 그룹 채팅 및 캠스터디",リアルタイムスタディグループ、チャット & ライブ学習,实时学习小组、群聊互动与拍照自习打卡,即時學習小組、群聊互動與拍照自習打卡,,,,
DesktopScreenshotCaption3,152,Texto,,"Global Leaderboards, Monthly Calendar, and Activity Heatmap","Rankings Globais, Calendario e Heatmap de Produtividade","Clasificaciones Globales, Calendario y Heatmap de Productividad","글로벌 랭킹, 월간 캘린더 및 활동 잔디 (Heatmap)",グローバルランキング、月間カレンダー & 活動ヒートマップ,全球排行榜、月度日历与年度学习热力图,全球排行榜、月度日曆與年度學習熱力圖,,,,
DesktopScreenshotCaption4,153,Texto,,"Student Profile, Detailed Statistics, and Customization","Perfil do Estudante, Estatisticas Detalhadas e Customizacao","Perfil del Estudiante, Estadisticas Detalladas y Personalizacion","학습자 프로필, 상세 통계 및 맞춤 설정",学習者プロフィール、詳細統計 & カスタマイズ,个人档案、详细学习统计与个性化设置,個人檔案、詳細學習統計與個人化設定,,,,
DesktopScreenshotCaption5,154,Texto,,,,,,,,,,,,
DesktopScreenshotCaption6,155,Texto,,,,,,,,,,,,
DesktopScreenshotCaption7,156,Texto,,,,,,,,,,,,
DesktopScreenshotCaption8,157,Texto,,,,,,,,,,,,
DesktopScreenshotCaption9,158,Texto,,,,,,,,,,,,
DesktopScreenshotCaption10,159,Texto,,,,,,,,,,,,
DesktopScreenshotCaption11,160,Texto,,,,,,,,,,,,
DesktopScreenshotCaption12,161,Texto,,,,,,,,,,,,
DesktopScreenshotCaption13,162,Texto,,,,,,,,,,,,
DesktopScreenshotCaption14,163,Texto,,,,,,,,,,,,
DesktopScreenshotCaption15,164,Texto,,,,,,,,,,,,
DesktopScreenshotCaption16,165,Texto,,,,,,,,,,,,
DesktopScreenshotCaption17,166,Texto,,,,,,,,,,,,
DesktopScreenshotCaption18,167,Texto,,,,,,,,,,,,
DesktopScreenshotCaption19,168,Texto,,,,,,,,,,,,
DesktopScreenshotCaption20,169,Texto,,,,,,,,,,,,
DesktopScreenshotCaption21,170,Texto,,,,,,,,,,,,
DesktopScreenshotCaption22,171,Texto,,,,,,,,,,,,
DesktopScreenshotCaption23,172,Texto,,,,,,,,,,,,
DesktopScreenshotCaption24,173,Texto,,,,,,,,,,,,
DesktopScreenshotCaption25,174,Texto,,,,,,,,,,,,
DesktopScreenshotCaption26,175,Texto,,,,,,,,,,,,
DesktopScreenshotCaption27,176,Texto,,,,,,,,,,,,
DesktopScreenshotCaption28,177,Texto,,,,,,,,,,,,
DesktopScreenshotCaption29,178,Texto,,,,,,,,,,,,
DesktopScreenshotCaption30,179,Texto,,,,,,,,,,,,
MobileScreenshot1,200,Caminho relativo (ou URL para arquivo no Partner Center),,,,,,,,,,,,
MobileScreenshot2,201,Caminho relativo (ou URL para arquivo no Partner Center),,,,,,,,,,,,
MobileScreenshot3,202,Caminho relativo (ou URL para arquivo no Partner Center),,,,,,,,,,,,
MobileScreenshot4,203,Caminho relativo (ou URL para arquivo no Partner Center),,,,,,,,,,,,
MobileScreenshot5,204,Caminho relativo (ou URL para arquivo no Partner Center),,,,,,,,,,,,
MobileScreenshot6,205,Caminho relativo (ou URL para arquivo no Partner Center),,,,,,,,,,,,
MobileScreenshot7,206,Caminho relativo (ou URL para arquivo no Partner Center),,,,,,,,,,,,
MobileScreenshot8,207,Caminho relativo (ou URL para arquivo no Partner Center),,,,,,,,,,,,
MobileScreenshot9,208,Caminho relativo (ou URL para arquivo no Partner Center),,,,,,,,,,,,
MobileScreenshot10,209,Caminho relativo (ou URL para arquivo no Partner Center),,,,,,,,,,,,
MobileScreenshot11,210,Caminho relativo (ou URL para arquivo no Partner Center),,,,,,,,,,,,
MobileScreenshot12,211,Caminho relativo (ou URL para arquivo no Partner Center),,,,,,,,,,,,
MobileScreenshot13,212,Caminho relativo (ou URL para arquivo no Partner Center),,,,,,,,,,,,
MobileScreenshot14,213,Caminho relativo (ou URL para arquivo no Partner Center),,,,,,,,,,,,
MobileScreenshot15,214,Caminho relativo (ou URL para arquivo no Partner Center),,,,,,,,,,,,
MobileScreenshot16,215,Caminho relativo (ou URL para arquivo no Partner Center),,,,,,,,,,,,
MobileScreenshot17,216,Caminho relativo (ou URL para arquivo no Partner Center),,,,,,,,,,,,
MobileScreenshot18,217,Caminho relativo (ou URL para arquivo no Partner Center),,,,,,,,,,,,
MobileScreenshot19,218,Caminho relativo (ou URL para arquivo no Partner Center),,,,,,,,,,,,
MobileScreenshot20,219,Caminho relativo (ou URL para arquivo no Partner Center),,,,,,,,,,,,
MobileScreenshot21,220,Caminho relativo (ou URL para arquivo no Partner Center),,,,,,,,,,,,
MobileScreenshot22,221,Caminho relativo (ou URL para arquivo no Partner Center),,,,,,,,,,,,
MobileScreenshot23,222,Caminho relativo (ou URL para arquivo no Partner Center),,,,,,,,,,,,
MobileScreenshot24,223,Caminho relativo (ou URL para arquivo no Partner Center),,,,,,,,,,,,
MobileScreenshot25,224,Caminho relativo (ou URL para arquivo no Partner Center),,,,,,,,,,,,
MobileScreenshot26,225,Caminho relativo (ou URL para arquivo no Partner Center),,,,,,,,,,,,
MobileScreenshot27,226,Caminho relativo (ou URL para arquivo no Partner Center),,,,,,,,,,,,
MobileScreenshot28,227,Caminho relativo (ou URL para arquivo no Partner Center),,,,,,,,,,,,
MobileScreenshot29,228,Caminho relativo (ou URL para arquivo no Partner Center),,,,,,,,,,,,
MobileScreenshot30,229,Caminho relativo (ou URL para arquivo no Partner Center),,,,,,,,,,,,
MobileScreenshotCaption1,250,Texto,,,,,,,,,,,,
MobileScreenshotCaption2,251,Texto,,,,,,,,,,,,
MobileScreenshotCaption3,252,Texto,,,,,,,,,,,,
MobileScreenshotCaption4,253,Texto,,,,,,,,,,,,
MobileScreenshotCaption5,254,Texto,,,,,,,,,,,,
MobileScreenshotCaption6,255,Texto,,,,,,,,,,,,
MobileScreenshotCaption7,256,Texto,,,,,,,,,,,,
MobileScreenshotCaption8,257,Texto,,,,,,,,,,,,
MobileScreenshotCaption9,258,Texto,,,,,,,,,,,,
MobileScreenshotCaption10,259,Texto,,,,,,,,,,,,
MobileScreenshotCaption11,260,Texto,,,,,,,,,,,,
MobileScreenshotCaption12,261,Texto,,,,,,,,,,,,
MobileScreenshotCaption13,262,Texto,,,,,,,,,,,,
MobileScreenshotCaption14,263,Texto,,,,,,,,,,,,
MobileScreenshotCaption15,264,Texto,,,,,,,,,,,,
MobileScreenshotCaption16,265,Texto,,,,,,,,,,,,
MobileScreenshotCaption17,266,Texto,,,,,,,,,,,,
MobileScreenshotCaption18,267,Texto,,,,,,,,,,,,
MobileScreenshotCaption19,268,Texto,,,,,,,,,,,,
MobileScreenshotCaption20,269,Texto,,,,,,,,,,,,
MobileScreenshotCaption21,270,Texto,,,,,,,,,,,,
MobileScreenshotCaption22,271,Texto,,,,,,,,,,,,
MobileScreenshotCaption23,272,Texto,,,,,,,,,,,,
MobileScreenshotCaption24,273,Texto,,,,,,,,,,,,
MobileScreenshotCaption25,274,Texto,,,,,,,,,,,,
MobileScreenshotCaption26,275,Texto,,,,,,,,,,,,
MobileScreenshotCaption27,276,Texto,,,,,,,,,,,,
MobileScreenshotCaption28,277,Texto,,,,,,,,,,,,
MobileScreenshotCaption29,278,Texto,,,,,,,,,,,,
MobileScreenshotCaption30,279,Texto,,,,,,,,,,,,
XboxScreenshot1,300,Caminho relativo (ou URL para arquivo no Partner Center),,,,,,,,,,,,
XboxScreenshot2,301,Caminho relativo (ou URL para arquivo no Partner Center),,,,,,,,,,,,
XboxScreenshot3,302,Caminho relativo (ou URL para arquivo no Partner Center),,,,,,,,,,,,
XboxScreenshot4,303,Caminho relativo (ou URL para arquivo no Partner Center),,,,,,,,,,,,
XboxScreenshot5,304,Caminho relativo (ou URL para arquivo no Partner Center),,,,,,,,,,,,
XboxScreenshot6,305,Caminho relativo (ou URL para arquivo no Partner Center),,,,,,,,,,,,
XboxScreenshot7,306,Caminho relativo (ou URL para arquivo no Partner Center),,,,,,,,,,,,
XboxScreenshot8,307,Caminho relativo (ou URL para arquivo no Partner Center),,,,,,,,,,,,
XboxScreenshot9,308,Caminho relativo (ou URL para arquivo no Partner Center),,,,,,,,,,,,
XboxScreenshot10,309,Caminho relativo (ou URL para arquivo no Partner Center),,,,,,,,,,,,
XboxScreenshot11,310,Caminho relativo (ou URL para arquivo no Partner Center),,,,,,,,,,,,
XboxScreenshot12,311,Caminho relativo (ou URL para arquivo no Partner Center),,,,,,,,,,,,
XboxScreenshot13,312,Caminho relativo (ou URL para arquivo no Partner Center),,,,,,,,,,,,
XboxScreenshot14,313,Caminho relativo (ou URL para arquivo no Partner Center),,,,,,,,,,,,
XboxScreenshot15,314,Caminho relativo (ou URL para arquivo no Partner Center),,,,,,,,,,,,
XboxScreenshot16,315,Caminho relativo (ou URL para arquivo no Partner Center),,,,,,,,,,,,
XboxScreenshot17,316,Caminho relativo (ou URL para arquivo no Partner Center),,,,,,,,,,,,
XboxScreenshot18,317,Caminho relativo (ou URL para arquivo no Partner Center),,,,,,,,,,,,
XboxScreenshot19,318,Caminho relativo (ou URL para arquivo no Partner Center),,,,,,,,,,,,
XboxScreenshot20,319,Caminho relativo (ou URL para arquivo no Partner Center),,,,,,,,,,,,
XboxScreenshot21,320,Caminho relativo (ou URL para arquivo no Partner Center),,,,,,,,,,,,
XboxScreenshot22,321,Caminho relativo (ou URL para arquivo no Partner Center),,,,,,,,,,,,
XboxScreenshot23,322,Caminho relativo (ou URL para arquivo no Partner Center),,,,,,,,,,,,
XboxScreenshot24,323,Caminho relativo (ou URL para arquivo no Partner Center),,,,,,,,,,,,
XboxScreenshot25,324,Caminho relativo (ou URL para arquivo no Partner Center),,,,,,,,,,,,
XboxScreenshot26,325,Caminho relativo (ou URL para arquivo no Partner Center),,,,,,,,,,,,
XboxScreenshot27,326,Caminho relativo (ou URL para arquivo no Partner Center),,,,,,,,,,,,
XboxScreenshot28,327,Caminho relativo (ou URL para arquivo no Partner Center),,,,,,,,,,,,
XboxScreenshot29,328,Caminho relativo (ou URL para arquivo no Partner Center),,,,,,,,,,,,
XboxScreenshot30,329,Caminho relativo (ou URL para arquivo no Partner Center),,,,,,,,,,,,
XboxScreenshotCaption1,350,Texto,,,,,,,,,,,,
XboxScreenshotCaption2,351,Texto,,,,,,,,,,,,
XboxScreenshotCaption3,352,Texto,,,,,,,,,,,,
XboxScreenshotCaption4,353,Texto,,,,,,,,,,,,
XboxScreenshotCaption5,354,Texto,,,,,,,,,,,,
XboxScreenshotCaption6,355,Texto,,,,,,,,,,,,
XboxScreenshotCaption7,356,Texto,,,,,,,,,,,,
XboxScreenshotCaption8,357,Texto,,,,,,,,,,,,
XboxScreenshotCaption9,358,Texto,,,,,,,,,,,,
XboxScreenshotCaption10,359,Texto,,,,,,,,,,,,
XboxScreenshotCaption11,360,Texto,,,,,,,,,,,,
XboxScreenshotCaption12,361,Texto,,,,,,,,,,,,
XboxScreenshotCaption13,362,Texto,,,,,,,,,,,,
XboxScreenshotCaption14,363,Texto,,,,,,,,,,,,
XboxScreenshotCaption15,364,Texto,,,,,,,,,,,,
XboxScreenshotCaption16,365,Texto,,,,,,,,,,,,
XboxScreenshotCaption17,366,Texto,,,,,,,,,,,,
XboxScreenshotCaption18,367,Texto,,,,,,,,,,,,
XboxScreenshotCaption19,368,Texto,,,,,,,,,,,,
XboxScreenshotCaption20,369,Texto,,,,,,,,,,,,
XboxScreenshotCaption21,370,Texto,,,,,,,,,,,,
XboxScreenshotCaption22,371,Texto,,,,,,,,,,,,
XboxScreenshotCaption23,372,Texto,,,,,,,,,,,,
XboxScreenshotCaption24,373,Texto,,,,,,,,,,,,
XboxScreenshotCaption25,374,Texto,,,,,,,,,,,,
XboxScreenshotCaption26,375,Texto,,,,,,,,,,,,
XboxScreenshotCaption27,376,Texto,,,,,,,,,,,,
XboxScreenshotCaption28,377,Texto,,,,,,,,,,,,
XboxScreenshotCaption29,378,Texto,,,,,,,,,,,,
XboxScreenshotCaption30,379,Texto,,,,,,,,,,,,
HolographicScreenshot1,400,Caminho relativo (ou URL para arquivo no Partner Center),,,,,,,,,,,,
HolographicScreenshot2,401,Caminho relativo (ou URL para arquivo no Partner Center),,,,,,,,,,,,
HolographicScreenshot3,402,Caminho relativo (ou URL para arquivo no Partner Center),,,,,,,,,,,,
HolographicScreenshot4,403,Caminho relativo (ou URL para arquivo no Partner Center),,,,,,,,,,,,
HolographicScreenshot5,404,Caminho relativo (ou URL para arquivo no Partner Center),,,,,,,,,,,,
HolographicScreenshot6,405,Caminho relativo (ou URL para arquivo no Partner Center),,,,,,,,,,,,
HolographicScreenshot7,406,Caminho relativo (ou URL para arquivo no Partner Center),,,,,,,,,,,,
HolographicScreenshot8,407,Caminho relativo (ou URL para arquivo no Partner Center),,,,,,,,,,,,
HolographicScreenshot9,408,Caminho relativo (ou URL para arquivo no Partner Center),,,,,,,,,,,,
HolographicScreenshot10,409,Caminho relativo (ou URL para arquivo no Partner Center),,,,,,,,,,,,
HolographicScreenshot11,410,Caminho relativo (ou URL para arquivo no Partner Center),,,,,,,,,,,,
HolographicScreenshot12,411,Caminho relativo (ou URL para arquivo no Partner Center),,,,,,,,,,,,
HolographicScreenshot13,412,Caminho relativo (ou URL para arquivo no Partner Center),,,,,,,,,,,,
HolographicScreenshot14,413,Caminho relativo (ou URL para arquivo no Partner Center),,,,,,,,,,,,
HolographicScreenshot15,414,Caminho relativo (ou URL para arquivo no Partner Center),,,,,,,,,,,,
HolographicScreenshot16,415,Caminho relativo (ou URL para arquivo no Partner Center),,,,,,,,,,,,
HolographicScreenshot17,416,Caminho relativo (ou URL para arquivo no Partner Center),,,,,,,,,,,,
HolographicScreenshot18,417,Caminho relativo (ou URL para arquivo no Partner Center),,,,,,,,,,,,
HolographicScreenshot19,418,Caminho relativo (ou URL para arquivo no Partner Center),,,,,,,,,,,,
HolographicScreenshot20,419,Caminho relativo (ou URL para arquivo no Partner Center),,,,,,,,,,,,
HolographicScreenshot21,420,Caminho relativo (ou URL para arquivo no Partner Center),,,,,,,,,,,,
HolographicScreenshot22,421,Caminho relativo (ou URL para arquivo no Partner Center),,,,,,,,,,,,
HolographicScreenshot23,422,Caminho relativo (ou URL para arquivo no Partner Center),,,,,,,,,,,,
HolographicScreenshot24,423,Caminho relativo (ou URL para arquivo no Partner Center),,,,,,,,,,,,
HolographicScreenshot25,424,Caminho relativo (ou URL para arquivo no Partner Center),,,,,,,,,,,,
HolographicScreenshot26,425,Caminho relativo (ou URL para arquivo no Partner Center),,,,,,,,,,,,
HolographicScreenshot27,426,Caminho relativo (ou URL para arquivo no Partner Center),,,,,,,,,,,,
HolographicScreenshot28,427,Caminho relativo (ou URL para arquivo no Partner Center),,,,,,,,,,,,
HolographicScreenshot29,428,Caminho relativo (ou URL para arquivo no Partner Center),,,,,,,,,,,,
HolographicScreenshot30,429,Caminho relativo (ou URL para arquivo no Partner Center),,,,,,,,,,,,
HolographicScreenshotCaption1,450,Texto,,,,,,,,,,,,
HolographicScreenshotCaption2,451,Texto,,,,,,,,,,,,
HolographicScreenshotCaption3,452,Texto,,,,,,,,,,,,
HolographicScreenshotCaption4,453,Texto,,,,,,,,,,,,
HolographicScreenshotCaption5,454,Texto,,,,,,,,,,,,
HolographicScreenshotCaption6,455,Texto,,,,,,,,,,,,
HolographicScreenshotCaption7,456,Texto,,,,,,,,,,,,
HolographicScreenshotCaption8,457,Texto,,,,,,,,,,,,
HolographicScreenshotCaption9,458,Texto,,,,,,,,,,,,
HolographicScreenshotCaption10,459,Texto,,,,,,,,,,,,
HolographicScreenshotCaption11,460,Texto,,,,,,,,,,,,
HolographicScreenshotCaption12,461,Texto,,,,,,,,,,,,
HolographicScreenshotCaption13,462,Texto,,,,,,,,,,,,
HolographicScreenshotCaption14,463,Texto,,,,,,,,,,,,
HolographicScreenshotCaption15,464,Texto,,,,,,,,,,,,
HolographicScreenshotCaption16,465,Texto,,,,,,,,,,,,
HolographicScreenshotCaption17,466,Texto,,,,,,,,,,,,
HolographicScreenshotCaption18,467,Texto,,,,,,,,,,,,
HolographicScreenshotCaption19,468,Texto,,,,,,,,,,,,
HolographicScreenshotCaption20,469,Texto,,,,,,,,,,,,
HolographicScreenshotCaption21,470,Texto,,,,,,,,,,,,
HolographicScreenshotCaption22,471,Texto,,,,,,,,,,,,
HolographicScreenshotCaption23,472,Texto,,,,,,,,,,,,
HolographicScreenshotCaption24,473,Texto,,,,,,,,,,,,
HolographicScreenshotCaption25,474,Texto,,,,,,,,,,,,
HolographicScreenshotCaption26,475,Texto,,,,,,,,,,,,
HolographicScreenshotCaption27,476,Texto,,,,,,,,,,,,
HolographicScreenshotCaption28,477,Texto,,,,,,,,,,,,
HolographicScreenshotCaption29,478,Texto,,,,,,,,,,,,
HolographicScreenshotCaption30,479,Texto,,,,,,,,,,,,
SurfaceHubScreenshot11,510,Caminho relativo (ou URL para arquivo no Partner Center),,,,,,,,,,,,
SurfaceHubScreenshot12,511,Caminho relativo (ou URL para arquivo no Partner Center),,,,,,,,,,,,
SurfaceHubScreenshot13,512,Caminho relativo (ou URL para arquivo no Partner Center),,,,,,,,,,,,
SurfaceHubScreenshot14,513,Caminho relativo (ou URL para arquivo no Partner Center),,,,,,,,,,,,
SurfaceHubScreenshot15,514,Caminho relativo (ou URL para arquivo no Partner Center),,,,,,,,,,,,
SurfaceHubScreenshot16,515,Caminho relativo (ou URL para arquivo no Partner Center),,,,,,,,,,,,
SurfaceHubScreenshot17,516,Caminho relativo (ou URL para arquivo no Partner Center),,,,,,,,,,,,
SurfaceHubScreenshot18,517,Caminho relativo (ou URL para arquivo no Partner Center),,,,,,,,,,,,
SurfaceHubScreenshot19,518,Caminho relativo (ou URL para arquivo no Partner Center),,,,,,,,,,,,
SurfaceHubScreenshot20,519,Caminho relativo (ou URL para arquivo no Partner Center),,,,,,,,,,,,
SurfaceHubScreenshot21,520,Caminho relativo (ou URL para arquivo no Partner Center),,,,,,,,,,,,
SurfaceHubScreenshot22,521,Caminho relativo (ou URL para arquivo no Partner Center),,,,,,,,,,,,
SurfaceHubScreenshot23,522,Caminho relativo (ou URL para arquivo no Partner Center),,,,,,,,,,,,
SurfaceHubScreenshot24,523,Caminho relativo (ou URL para arquivo no Partner Center),,,,,,,,,,,,
SurfaceHubScreenshot25,524,Caminho relativo (ou URL para arquivo no Partner Center),,,,,,,,,,,,
SurfaceHubScreenshot26,525,Caminho relativo (ou URL para arquivo no Partner Center),,,,,,,,,,,,
SurfaceHubScreenshot27,526,Caminho relativo (ou URL para arquivo no Partner Center),,,,,,,,,,,,
SurfaceHubScreenshot28,527,Caminho relativo (ou URL para arquivo no Partner Center),,,,,,,,,,,,
SurfaceHubScreenshot29,528,Caminho relativo (ou URL para arquivo no Partner Center),,,,,,,,,,,,
SurfaceHubScreenshot30,529,Caminho relativo (ou URL para arquivo no Partner Center),,,,,,,,,,,,
SurfaceHubScreenshotCaption11,560,Texto,,,,,,,,,,,,
SurfaceHubScreenshotCaption12,561,Texto,,,,,,,,,,,,
SurfaceHubScreenshotCaption13,562,Texto,,,,,,,,,,,,
SurfaceHubScreenshotCaption14,563,Texto,,,,,,,,,,,,
SurfaceHubScreenshotCaption15,564,Texto,,,,,,,,,,,,
SurfaceHubScreenshotCaption16,565,Texto,,,,,,,,,,,,
SurfaceHubScreenshotCaption17,566,Texto,,,,,,,,,,,,
SurfaceHubScreenshotCaption18,567,Texto,,,,,,,,,,,,
SurfaceHubScreenshotCaption19,568,Texto,,,,,,,,,,,,
SurfaceHubScreenshotCaption20,569,Texto,,,,,,,,,,,,
SurfaceHubScreenshotCaption21,570,Texto,,,,,,,,,,,,
SurfaceHubScreenshotCaption22,571,Texto,,,,,,,,,,,,
SurfaceHubScreenshotCaption23,572,Texto,,,,,,,,,,,,
SurfaceHubScreenshotCaption24,573,Texto,,,,,,,,,,,,
SurfaceHubScreenshotCaption25,574,Texto,,,,,,,,,,,,
SurfaceHubScreenshotCaption26,575,Texto,,,,,,,,,,,,
SurfaceHubScreenshotCaption27,576,Texto,,,,,,,,,,,,
SurfaceHubScreenshotCaption28,577,Texto,,,,,,,,,,,,
SurfaceHubScreenshotCaption29,578,Texto,,,,,,,,,,,,
SurfaceHubScreenshotCaption30,579,Texto,,,,,,,,,,,,
StoreLogo720x1080,600,Caminho relativo (ou URL para arquivo no Partner Center),,,,,,,,,,,,
StoreLogo1080x1080,601,Caminho relativo (ou URL para arquivo no Partner Center),,,,,,,,,,,,
StoreLogo300x300,602,Caminho relativo (ou URL para arquivo no Partner Center),,,,,,,,,,,,
OverrideLogosForWin10,603,True/False,,False,False,False,False,False,False,False,,,,
StoreLogoOverride150x150,604,Caminho relativo (ou URL para arquivo no Partner Center),,,,,,,,,,,,
StoreLogoOverride71x71,605,Caminho relativo (ou URL para arquivo no Partner Center),,,,,,,,,,,,
PromoImage1920x1080,606,Caminho relativo (ou URL para arquivo no Partner Center),,,,,,,,,,,,
PromoImage2400x1200,607,Caminho relativo (ou URL para arquivo no Partner Center),,,,,,,,,,,,
XboxBrandedKeyArt584x800,608,Caminho relativo (ou URL para arquivo no Partner Center),,,,,,,,,,,,
XboxTitledHero1920x1080,609,Caminho relativo (ou URL para arquivo no Partner Center),,,,,,,,,,,,
XboxFeaturedPromo1080x1080,610,Caminho relativo (ou URL para arquivo no Partner Center),,,,,,,,,,,,
OptionalPromo358x358,611,Caminho relativo (ou URL para arquivo no Partner Center),,,,,,,,,,,,
OptionalPromo1000x800,612,Caminho relativo (ou URL para arquivo no Partner Center),,,,,,,,,,,,
OptionalPromo414x180,613,Caminho relativo (ou URL para arquivo no Partner Center),,,,,,,,,,,,
Feature1,700,Texto,,Customizable study timer and Pomodoro mode with colored subjects,Cronometro de estudo e Pomodoro personalizavel com materias coloridas,Temporizador de estudio y Pomodoro personalizable con materias en color,과목별 맞춤 스터디 타이머 및 뽀모도로 기능,科目別カラー対応の学習タイマーおよびポモドーロ機能,支持自定义科目颜色的学习计时器与番茄钟,支援自訂科目顏色的學習計時器與番茄鐘,,,,
Feature2,701,Texto,,Real-time study groups with active attendance and Live Study,Grupos de estudo em tempo real com lista de presenca e Live Study,Grupos de estudio en tiempo real con lista de asistencia y Live Study,실시간 출석 확인 스터디 그룹 및 캠스터디(Live Study),リアルタイム出席スタディグループおよびライブスタディ,实时出勤学习小组与拍照自习打卡 (Live Study),即時出勤學習小組與拍照自習打卡 (Live Study),,,,
Feature3,702,Texto,,Annual productivity heatmap grid and consistency streaks,Heatmap anual de produtividade e calendario de consistencia,Heatmap anual de productividad y rachas de constancia,연간 생산성 활동 잔디(Heatmap) 및 연속 공부 기록,年間生産性ヒートマップおよび連続学習ストリーク,年度学习热力图与连续打卡火苗记录,年度學習熱力圖與連續打卡火苗記錄,,,,
Feature4,703,Texto,,"Global, national, and category-based leaderboards","Rankings globais, nacionais e por categoria de estudo","Clasificaciones globales, nacionales y por categoria de estudio","실시간 글로벌, 국가별, 카테고리별 랭킹 시스템",グローバル、国別、カテゴリー別ランキング,全球、国家及分类实时学习排行榜,全球、國家及分類即時學習排行榜,,,,
Feature5,704,Texto,,Distraction app blocker and strict focus mode,Bloqueador de distracoes e modo de foco estrito,Bloqueador de distracciones y modo de concentracion estricto,딴짓 앱 실행 감지 및 엄격 집중 모드,誘惑アプリ検知および集中ロックモード,防分心软件自动检测与严格专注模式,防分心軟體自動偵測與嚴格專注模式,,,,
Feature6,705,Texto,,Floating Always-on-Top Mini Player for multitasking,Mini player flutuante Always-on-Top para estudar em multitarefa,Mini reproductor flotante Always-on-Top para multitarea,멀티태스킹을 위한 항상 위 플로팅 미니 타이머 플레이어,マルチタスク用最前面フローティングミニタイマー,始终置顶的悬浮迷你计时器，助力多任务学习,始終置頂的懸浮迷你計時器，助力多工學習,,,,
Feature7,706,Texto,,Flashcards with SM-2 spaced repetition algorithm and PDF reader,Flashcards com algoritmo de repeticao espacada SM-2 e leitor de PDF,Tarjetas de memoria con algoritmo SM-2 y lector de PDF integrado,SM-2 반복 알고리즘 플래시카드 및 내장 PDF 뷰어,SM-2アルゴリズム搭載暗記カードおよびPDFリーダー,SM-2 间隔重复记忆卡片与内置 PDF 阅读器,SM-2 間隔重複記憶卡片與內建 PDF 閱讀器,,,,
Feature8,707,Texto,,Timelapse screen recorder for study sessions,Gravador de timelapse de sessoes de estudo,Grabador de timelapse de sesiones de estudio,공부 세션 타임랩스 화면 녹화 기능,学習セッションのタイムラプス録画機能,学习过程延时摄影 (Timelapse) 录制,學習過程縮時攝影 (Timelapse) 錄影,,,,
Feature9,708,Texto,,D-Day exam countdown timers and weekly timetable planner,Contagem regressiva para exames e metas (D-Day) e grade de horarios,Cuenta regresiva para examenes (D-Day) y horario semanal,시험 목표 디데이(D-Day) 카운트다운 및 주간 시간표,試験カウントダウン（D-Day）および週間時間割,考试目标倒计时 (D-Day) 与周课程时间表,考試目標倒數計時 (D-Day) 與週課程時間表,,,,
Feature10,709,Texto,,Modern AMOLED True Black interface with 7 native languages,Interface moderna AMOLED True Black com suporte nativo a 7 idiomas,Interfaz moderna AMOLED True Black con soporte para 7 idiomas,7개 국어를 지원하는 AMOLED 트루 블랙 디자인,7言語をサポートするAMOLEDトゥルーブラックUI,支持 7 种语言的 AMOLED 纯黑现代化界面,支援 7 種語言的 AMOLED 純黑現代化介面,,,,
Feature11,710,Texto,,,,,,,,,,,,
Feature12,711,Texto,,,,,,,,,,,,
Feature13,712,Texto,,,,,,,,,,,,
Feature14,713,Texto,,,,,,,,,,,,
Feature15,714,Texto,,,,,,,,,,,,
Feature16,715,Texto,,,,,,,,,,,,
Feature17,716,Texto,,,,,,,,,,,,
Feature18,717,Texto,,,,,,,,,,,,
Feature19,718,Texto,,,,,,,,,,,,
Feature20,719,Texto,,,,,,,,,,,,
MinimumHardwareReq1,800,Texto,,Operating System: Windows 10 version 17763.0 or higher (x64),Sistema Operacional: Windows 10 versao 17763.0 ou superior (x64),Sistema operativo: Windows 10 version 17763.0 o superior (x64),운영 체제: Windows 10 버전 17763.0 이상 (x64),オペレーティング システム: Windows 10 バージョン 17763.0 以降 (x64),操作系统: Windows 10 版本 17763.0 或更高版本 (x64),作業系統: Windows 10 版本 17763.0 或更高版本 (x64),,,,
MinimumHardwareReq2,801,Texto,,Memory: 2 GB RAM,Memoria: 2 GB de RAM,Memoria: 2 GB de RAM,메모리: 2 GB RAM,メモリ: 2 GB RAM,内存: 2 GB 内存,記憶體: 2 GB 記憶體,,,,
MinimumHardwareReq3,802,Texto,,Processor: 1 GHz Intel or AMD processor (x64),Processador: Processador Intel ou AMD de 1 GHz ou superior (x64),Procesador: Procesador Intel o AMD de 1 GHz (x64),프로세서: 1 GHz Intel 또는 AMD 프로세서 (x64),プロセッサ: 1 GHz Intel または AMD プロセッサ (x64),处理器: 1 GHz Intel 或 AMD 处理器 (x64),處理器: 1 GHz Intel 或 AMD 處理器 (x64),,,,
MinimumHardwareReq4,803,Texto,,,,,,,,,,,,
MinimumHardwareReq5,804,Texto,,,,,,,,,,,,
MinimumHardwareReq6,805,Texto,,,,,,,,,,,,
MinimumHardwareReq7,806,Texto,,,,,,,,,,,,
MinimumHardwareReq8,807,Texto,,,,,,,,,,,,
MinimumHardwareReq9,808,Texto,,,,,,,,,,,,
MinimumHardwareReq10,809,Texto,,,,,,,,,,,,
MinimumHardwareReq11,810,Texto,,,,,,,,,,,,
RecommendedHardwareReq1,850,Texto,,Operating System: Windows 11 (x64),Sistema Operacional: Windows 11 (x64),Sistema operativo: Windows 11 (x64),운영 체제: Windows 11 (x64),オペレーティング システム: Windows 11 (x64),操作系统: Windows 11 (x64),作業系統: Windows 11 (x64),,,,
RecommendedHardwareReq2,851,Texto,,Memory: 4 GB RAM or higher,Memoria: 4 GB de RAM ou superior,Memoria: 4 GB de RAM o superior,메모리: 4 GB RAM 이상,メモリ: 4 GB RAM 以上,内存: 4 GB 内存或更高,記憶體: 4 GB 記憶體或更高,,,,
RecommendedHardwareReq3,852,Texto,,Processor: Dual-Core 2.0 GHz processor or higher,Processador: Processador Dual-Core 2.0 GHz ou superior,Procesador: Procesador Dual-Core de 2.0 GHz o superior,프로세서: Dual-Core 2.0 GHz 프로세서 이상,プロセッサ: Dual-Core 2.0 GHz プロセッサ以上,处理器: Dual-Core 2.0 GHz 或更高配置处理器,處理器: Dual-Core 2.0 GHz 或更高配置處理器,,,,
RecommendedHardwareReq4,853,Texto,,,,,,,,,,,,
RecommendedHardwareReq5,854,Texto,,,,,,,,,,,,
RecommendedHardwareReq6,855,Texto,,,,,,,,,,,,
RecommendedHardwareReq7,856,Texto,,,,,,,,,,,,
RecommendedHardwareReq8,857,Texto,,,,,,,,,,,,
RecommendedHardwareReq9,858,Texto,,,,,,,,,,,,
RecommendedHardwareReq10,859,Texto,,,,,,,,,,,,
RecommendedHardwareReq11,860,Texto,,,,,,,,,,,,
SearchTerm1,900,Texto,,Yeolpumta,Yeolpumta,Yeolpumta,열품타,Yeolpumta,Yeolpumta,Yeolpumta,,,,
SearchTerm2,901,Texto,,YPT,YPT,YPT,YPT,YPT,YPT,YPT,,,,
SearchTerm3,902,Texto,,Pomodoro,Pomodoro,Pomodoro,뽀모도로,ポモドーロ,番茄钟,番茄鐘,,,,
SearchTerm4,903,Texto,,Study Timer,Study Timer,Temporizador de Estudio,스터디타이머,勉強タイマー,学习计时器,學習計時器,,,,
SearchTerm5,904,Texto,,Focus,Cronometro de Estudo,Concentracion,공부,集中,专注,專注,,,,
SearchTerm6,905,Texto,,Productivity,Produtividade,Productividad,집중,勉強時間,学习打卡,學習打卡,,,,
SearchTerm7,906,Texto,,Study Tracker,Foco,Estudio,열정품은타이머,学習記録,考研,備考,,,,
TrailerToPlayAtTopOfListing,999,Caminho relativo (ou URL para arquivo no Partner Center),,,,,,,,,,,,
Trailer1,1000,Caminho relativo (ou URL para arquivo no Partner Center),,,,,,,,,,,,
Trailer2,1001,Caminho relativo (ou URL para arquivo no Partner Center),,,,,,,,,,,,
Trailer3,1002,Caminho relativo (ou URL para arquivo no Partner Center),,,,,,,,,,,,
Trailer4,1003,Caminho relativo (ou URL para arquivo no Partner Center),,,,,,,,,,,,
Trailer5,1004,Caminho relativo (ou URL para arquivo no Partner Center),,,,,,,,,,,,
Trailer6,1005,Caminho relativo (ou URL para arquivo no Partner Center),,,,,,,,,,,,
Trailer7,1006,Caminho relativo (ou URL para arquivo no Partner Center),,,,,,,,,,,,
Trailer8,1007,Caminho relativo (ou URL para arquivo no Partner Center),,,,,,,,,,,,
Trailer9,1008,Caminho relativo (ou URL para arquivo no Partner Center),,,,,,,,,,,,
Trailer10,1009,Caminho relativo (ou URL para arquivo no Partner Center),,,,,,,,,,,,
Trailer11,1010,Caminho relativo (ou URL para arquivo no Partner Center),,,,,,,,,,,,
Trailer12,1011,Caminho relativo (ou URL para arquivo no Partner Center),,,,,,,,,,,,
Trailer13,1012,Caminho relativo (ou URL para arquivo no Partner Center),,,,,,,,,,,,
Trailer14,1013,Caminho relativo (ou URL para arquivo no Partner Center),,,,,,,,,,,,
Trailer15,1014,Caminho relativo (ou URL para arquivo no Partner Center),,,,,,,,,,,,
TrailerTitle1,1020,Texto,,,,,,,,,,,,
TrailerTitle2,1021,Texto,,,,,,,,,,,,
TrailerTitle3,1022,Texto,,,,,,,,,,,,
TrailerTitle4,1023,Texto,,,,,,,,,,,,
TrailerTitle5,1024,Texto,,,,,,,,,,,,
TrailerTitle6,1025,Texto,,,,,,,,,,,,
TrailerTitle7,1026,Texto,,,,,,,,,,,,
TrailerTitle8,1027,Texto,,,,,,,,,,,,
TrailerTitle9,1028,Texto,,,,,,,,,,,,
TrailerTitle10,1029,Texto,,,,,,,,,,,,
TrailerTitle11,1030,Texto,,,,,,,,,,,,
TrailerTitle12,1031,Texto,,,,,,,,,,,,
TrailerTitle13,1032,Texto,,,,,,,,,,,,
TrailerTitle14,1033,Texto,,,,,,,,,,,,
TrailerTitle15,1034,Texto,,,,,,,,,,,,
TrailerThumbnail1,1040,Caminho relativo (ou URL para arquivo no Partner Center),,,,,,,,,,,,
TrailerThumbnail2,1041,Caminho relativo (ou URL para arquivo no Partner Center),,,,,,,,,,,,
TrailerThumbnail3,1042,Caminho relativo (ou URL para arquivo no Partner Center),,,,,,,,,,,,
TrailerThumbnail4,1043,Caminho relativo (ou URL para arquivo no Partner Center),,,,,,,,,,,,
TrailerThumbnail5,1044,Caminho relativo (ou URL para arquivo no Partner Center),,,,,,,,,,,,
TrailerThumbnail6,1045,Caminho relativo (ou URL para arquivo no Partner Center),,,,,,,,,,,,
TrailerThumbnail7,1046,Caminho relativo (ou URL para arquivo no Partner Center),,,,,,,,,,,,
TrailerThumbnail8,1047,Caminho relativo (ou URL para arquivo no Partner Center),,,,,,,,,,,,
TrailerThumbnail9,1048,Caminho relativo (ou URL para arquivo no Partner Center),,,,,,,,,,,,
TrailerThumbnail10,1049,Caminho relativo (ou URL para arquivo no Partner Center),,,,,,,,,,,,
TrailerThumbnail11,1050,Caminho relativo (ou URL para arquivo no Partner Center),,,,,,,,,,,,
TrailerThumbnail12,1051,Caminho relativo (ou URL para arquivo no Partner Center),,,,,,,,,,,,
TrailerThumbnail13,1052,Caminho relativo (ou URL para arquivo no Partner Center),,,,,,,,,,,,
TrailerThumbnail14,1053,Caminho relativo (ou URL para arquivo no Partner Center),,,,,,,,,,,,
TrailerThumbnail15,1054,Caminho relativo (ou URL para arquivo no Partner Center),,,,,,,,,,,,
TrailerClosedCaption1,1055,Caminho relativo (ou URL para arquivo no Partner Center),,,,,,,,,,,,
TrailerClosedCaption2,1056,Caminho relativo (ou URL para arquivo no Partner Center),,,,,,,,,,,,
TrailerClosedCaption3,1057,Caminho relativo (ou URL para arquivo no Partner Center),,,,,,,,,,,,
TrailerClosedCaption4,1058,Caminho relativo (ou URL para arquivo no Partner Center),,,,,,,,,,,,
TrailerClosedCaption5,1059,Caminho relativo (ou URL para arquivo no Partner Center),,,,,,,,,,,,
TrailerClosedCaption6,1060,Caminho relativo (ou URL para arquivo no Partner Center),,,,,,,,,,,,
TrailerClosedCaption7,1061,Caminho relativo (ou URL para arquivo no Partner Center),,,,,,,,,,,,
TrailerClosedCaption8,1062,Caminho relativo (ou URL para arquivo no Partner Center),,,,,,,,,,,,
TrailerClosedCaption9,1063,Caminho relativo (ou URL para arquivo no Partner Center),,,,,,,,,,,,
TrailerClosedCaption10,1064,Caminho relativo (ou URL para arquivo no Partner Center),,,,,,,,,,,,
TrailerClosedCaption11,1065,Caminho relativo (ou URL para arquivo no Partner Center),,,,,,,,,,,,
TrailerClosedCaption12,1066,Caminho relativo (ou URL para arquivo no Partner Center),,,,,,,,,,,,
TrailerClosedCaption13,1067,Caminho relativo (ou URL para arquivo no Partner Center),,,,,,,,,,,,
TrailerClosedCaption14,1068,Caminho relativo (ou URL para arquivo no Partner Center),,,,,,,,,,,,
TrailerClosedCaption15,1069,Caminho relativo (ou URL para arquivo no Partner Center),,,,,,,,,,,,
TrailerAudioDescription1,1070,Caminho relativo (ou URL para arquivo no Partner Center),,,,,,,,,,,,
TrailerAudioDescription2,1071,Caminho relativo (ou URL para arquivo no Partner Center),,,,,,,,,,,,
TrailerAudioDescription3,1072,Caminho relativo (ou URL para arquivo no Partner Center),,,,,,,,,,,,
TrailerAudioDescription4,1073,Caminho relativo (ou URL para arquivo no Partner Center),,,,,,,,,,,,
TrailerAudioDescription5,1074,Caminho relativo (ou URL para arquivo no Partner Center),,,,,,,,,,,,
TrailerAudioDescription6,1075,Caminho relativo (ou URL para arquivo no Partner Center),,,,,,,,,,,,
TrailerAudioDescription7,1076,Caminho relativo (ou URL para arquivo no Partner Center),,,,,,,,,,,,
TrailerAudioDescription8,1077,Caminho relativo (ou URL para arquivo no Partner Center),,,,,,,,,,,,
TrailerAudioDescription9,1078,Caminho relativo (ou URL para arquivo no Partner Center),,,,,,,,,,,,
TrailerAudioDescription10,1079,Caminho relativo (ou URL para arquivo no Partner Center),,,,,,,,,,,,
TrailerAudioDescription11,1080,Caminho relativo (ou URL para arquivo no Partner Center),,,,,,,,,,,,
TrailerAudioDescription12,1081,Caminho relativo (ou URL para arquivo no Partner Center),,,,,,,,,,,,
TrailerAudioDescription13,1082,Caminho relativo (ou URL para arquivo no Partner Center),,,,,,,,,,,,
TrailerAudioDescription14,1083,Caminho relativo (ou URL para arquivo no Partner Center),,,,,,,,,,,,
TrailerAudioDescription15,1084,Caminho relativo (ou URL para arquivo no Partner Center),,,,,,,,,,,,
